human_P0,0.000000000000000000e+00
QF5_ERP_human_P0,7.378991135715284599e+01
QF15_cmp_human_P0,3.817070650355894657e+01
QF15_cpp_human_P0,4.336719970844239214e+01
QF15_ERP_human_P0,4.345267180403011054e+01
QF15_isp_human_P0,4.372185106977782709e+01
QF15_ohp_human_P0,3.872986792117497856e+01
QF35_ERP_human_P0,3.180129504073203606e+01
QF60_ERP_human_P0,3.269311348407148898e+01
human_P1,0.000000000000000000e+00
QF5_ERP_human_P1,7.821141474485359879e+01
QF15_cmp_human_P1,4.619502747254341557e+01
QF15_cpp_human_P1,5.268146965200993037e+01
QF15_ERP_human_P1,5.466988126257108860e+01
QF15_isp_human_P1,4.944326369616034356e+01
QF15_ohp_human_P1,5.330019311256172188e+01
QF35_ERP_human_P1,3.756160294431223434e+01
QF60_ERP_human_P1,3.269144253505326247e+01
human_P13,0.000000000000000000e+00
QF5_ERP_human_P13,8.045598661784643468e+01
QF15_cmp_human_P13,4.738098898001783965e+01
QF15_cpp_human_P13,4.528694584433549863e+01
QF15_ERP_human_P13,4.676823641374564744e+01
QF15_isp_human_P13,4.237235925456231200e+01
QF15_ohp_human_P13,4.469257294688845406e+01
QF35_ERP_human_P13,3.796798217478758630e+01
QF60_ERP_human_P13,3.448364690907805397e+01
indoor_P0,0.000000000000000000e+00
QF5_ERP_indoor_P0,7.462953449163505582e+01
QF15_cmp_indoor_P0,5.246216454536354235e+01
QF15_cpp_indoor_P0,5.313551206825538031e+01
QF15_ERP_indoor_P0,5.466629955457016621e+01
QF15_isp_indoor_P0,5.474943974895063548e+01
QF15_ohp_indoor_P0,5.512450126643717851e+01
QF35_ERP_indoor_P0,3.681936073920317654e+01
QF60_ERP_indoor_P0,3.453993706301022826e+01
indoor_P1,0.000000000000000000e+00
QF5_ERP_indoor_P1,8.264488360585900750e+01
QF15_cmp_indoor_P1,5.542992391593301704e+01
QF15_cpp_indoor_P1,6.311490598415405628e+01
QF15_ERP_indoor_P1,6.379249785874986856e+01
QF15_isp_indoor_P1,5.959997469872024567e+01
QF15_ohp_indoor_P1,6.297741913265019065e+01
QF35_ERP_indoor_P1,4.231166789479611623e+01
QF60_ERP_indoor_P1,3.556524286488112807e+01
indoor_P10,0.000000000000000000e+00
QF5_ERP_indoor_P10,6.975737099708830158e+01
QF15_cmp_indoor_P10,4.580067745604011975e+01
QF15_cpp_indoor_P10,4.257017151476367189e+01
QF15_ERP_indoor_P10,4.585823076784051011e+01
QF15_isp_indoor_P10,4.219040462450151097e+01
QF15_ohp_indoor_P10,4.447958601916402444e+01
QF35_ERP_indoor_P10,3.536659609939324866e+01
QF60_ERP_indoor_P10,3.779263335148624492e+01
landscapes_P0,0.000000000000000000e+00
QF5_ERP_landscapes_P0,7.917459733091945395e+01
QF15_cmp_landscapes_P0,5.348153088830349589e+01
QF15_cpp_landscapes_P0,5.580720184679367435e+01
QF15_ERP_landscapes_P0,5.531862319098866010e+01
QF15_isp_landscapes_P0,5.797562812359782924e+01
QF15_ohp_landscapes_P0,5.679972766718582022e+01
QF35_ERP_landscapes_P0,4.072647181298351171e+01
QF60_ERP_landscapes_P0,3.584335873693883201e+01
landscapes_P1,0.000000000000000000e+00
QF5_ERP_landscapes_P1,8.155516812458323272e+01
QF15_cmp_landscapes_P1,5.127445017156190232e+01
QF15_cpp_landscapes_P1,5.331885450333654575e+01
QF15_ERP_landscapes_P1,5.462814618877626316e+01
QF15_isp_landscapes_P1,5.300230863329506548e+01
QF15_ohp_landscapes_P1,5.315947782237995511e+01
QF35_ERP_landscapes_P1,3.796203534391986523e+01
QF60_ERP_landscapes_P1,3.311920158696293726e+01
landscapes_P11,0.000000000000000000e+00
QF5_ERP_landscapes_P11,7.741758245849462128e+01
QF15_cmp_landscapes_P11,4.938399925258521961e+01
QF15_cpp_landscapes_P11,5.245229589058924091e+01
QF15_ERP_landscapes_P11,4.961981162327737849e+01
QF15_isp_landscapes_P11,4.760169752725138181e+01
QF15_ohp_landscapes_P11,4.894510652407391404e+01
QF35_ERP_landscapes_P11,3.896172110005236533e+01
QF60_ERP_landscapes_P11,3.597376240972247530e+01
nature_P0,0.000000000000000000e+00
QF5_ERP_nature_P0,7.643240845515323656e+01
QF15_cmp_nature_P0,4.879665815458262301e+01
QF15_cpp_nature_P0,5.044818945241112118e+01
QF15_ERP_nature_P0,5.236321935049625154e+01
QF15_isp_nature_P0,5.111500911384568013e+01
QF15_ohp_nature_P0,5.244651924724950476e+01
QF35_ERP_nature_P0,4.238667878258632982e+01
QF60_ERP_nature_P0,3.730849589653483633e+01
nature_P1,0.000000000000000000e+00
QF5_ERP_nature_P1,7.038016105583625404e+01
QF15_cmp_nature_P1,3.995992324015422525e+01
QF15_cpp_nature_P1,3.988326587527775047e+01
QF15_ERP_nature_P1,3.906459935157298702e+01
QF15_isp_nature_P1,4.130571266653349483e+01
QF15_ohp_nature_P1,4.000165588100696112e+01
QF35_ERP_nature_P1,3.305685998590560359e+01
QF60_ERP_nature_P1,3.661935861977526940e+01
nature_P10,0.000000000000000000e+00
QF5_ERP_nature_P10,8.157529745960336243e+01
QF15_cmp_nature_P10,5.263333012147415246e+01
QF15_cpp_nature_P10,5.289140421132982794e+01
QF15_ERP_nature_P10,5.686836054363386239e+01
QF15_isp_nature_P10,5.400671935636383836e+01
QF15_ohp_nature_P10,4.800294395297015626e+01
QF35_ERP_nature_P10,3.779803383622606106e+01
QF60_ERP_nature_P10,3.588386891718838712e+01
human_P14,0.000000000000000000e+00
QF5_ERP_human_P14,7.585870765204133193e+01
QF15_cmp_human_P14,4.721896517795572379e+01
QF15_cpp_human_P14,4.785608969496554010e+01
QF15_ERP_human_P14,4.920127761921533960e+01
QF15_isp_human_P14,4.719256617792864006e+01
QF15_ohp_human_P14,4.905443169360717803e+01
QF35_ERP_human_P14,3.631145136911810312e+01
QF60_ERP_human_P14,3.502911732331445904e+01
human_P15,0.000000000000000000e+00
QF5_ERP_human_P15,7.436622118639313328e+01
QF15_cmp_human_P15,4.946608311516421708e+01
QF15_cpp_human_P15,5.755112818793028140e+01
QF15_ERP_human_P15,5.400498369721155001e+01
QF15_isp_human_P15,5.278665831151494103e+01
QF15_ohp_human_P15,5.344960211054456778e+01
QF35_ERP_human_P15,4.128706265767458916e+01
QF60_ERP_human_P15,3.587369193495223385e+01
human_P16,0.000000000000000000e+00
QF5_ERP_human_P16,7.471883401974457684e+01
QF15_cmp_human_P16,4.376965350740643856e+01
QF15_cpp_human_P16,4.608343172959742873e+01
QF15_ERP_human_P16,4.988431799752100915e+01
QF15_isp_human_P16,4.678937187165981726e+01
QF15_ohp_human_P16,4.787737819530955363e+01
QF35_ERP_human_P16,3.534696402062134268e+01
QF60_ERP_human_P16,3.453579090120489070e+01
indoor_P11,0.000000000000000000e+00
QF5_ERP_indoor_P11,8.217233026183870948e+01
QF15_cmp_indoor_P11,5.963684229765226519e+01
QF15_cpp_indoor_P11,6.072448809590187579e+01
QF15_ERP_indoor_P11,6.160031686358373548e+01
QF15_isp_indoor_P11,6.035499686187865365e+01
QF15_ohp_indoor_P11,5.991488638337271055e+01
QF35_ERP_indoor_P11,4.333716239877058740e+01
QF60_ERP_indoor_P11,3.938038389808996698e+01
indoor_P12,0.000000000000000000e+00
QF5_ERP_indoor_P12,8.301653439948280777e+01
QF15_cmp_indoor_P12,5.743491699539170980e+01
QF15_cpp_indoor_P12,5.844001888236738296e+01
QF15_ERP_indoor_P12,6.230497887383963018e+01
QF15_isp_indoor_P12,5.436264075349628655e+01
QF15_ohp_indoor_P12,5.617361166008396367e+01
QF35_ERP_indoor_P12,4.078791551920189562e+01
QF60_ERP_indoor_P12,3.044327528493974455e+01
indoor_P13,0.000000000000000000e+00
QF5_ERP_indoor_P13,7.741934558362294183e+01
QF15_cmp_indoor_P13,5.017919966379074737e+01
QF15_cpp_indoor_P13,5.294900430106302736e+01
QF15_ERP_indoor_P13,5.195527501839293194e+01
QF15_isp_indoor_P13,5.175768254039590488e+01
QF15_ohp_indoor_P13,5.284997053776043430e+01
QF35_ERP_indoor_P13,4.003163317131951260e+01
QF60_ERP_indoor_P13,3.089838078588867987e+01
landscapes_P12,0.000000000000000000e+00
QF5_ERP_landscapes_P12,7.310644795025696396e+01
QF15_cmp_landscapes_P12,4.591908331025014434e+01
QF15_cpp_landscapes_P12,5.118888464589026910e+01
QF15_ERP_landscapes_P12,4.873033785509112192e+01
QF15_isp_landscapes_P12,4.409117059871756794e+01
QF15_ohp_landscapes_P12,4.992595874416067403e+01
QF35_ERP_landscapes_P12,3.467809706015248850e+01
QF60_ERP_landscapes_P12,2.928574845416958894e+01
landscapes_P13,0.000000000000000000e+00
QF5_ERP_landscapes_P13,7.584862346557184765e+01
QF15_cmp_landscapes_P13,5.339851729306705863e+01
QF15_cpp_landscapes_P13,5.819283379159143266e+01
QF15_ERP_landscapes_P13,6.095476920029551593e+01
QF15_isp_landscapes_P13,5.416601481896336168e+01
QF15_ohp_landscapes_P13,5.406063012610622565e+01
QF35_ERP_landscapes_P13,3.701876645878860472e+01
QF60_ERP_landscapes_P13,3.097096820877941070e+01
landscapes_P14,0.000000000000000000e+00
QF5_ERP_landscapes_P14,7.851961479587001236e+01
QF15_cmp_landscapes_P14,5.372006903605350914e+01
QF15_cpp_landscapes_P14,5.247688465911450351e+01
QF15_ERP_landscapes_P14,5.392013554501503592e+01
QF15_isp_landscapes_P14,5.536497702766231299e+01
QF15_ohp_landscapes_P14,4.861707495877625718e+01
QF35_ERP_landscapes_P14,4.161032862245200192e+01
QF60_ERP_landscapes_P14,3.515474033737892512e+01
nature_P11,0.000000000000000000e+00
QF5_ERP_nature_P11,7.296182718473735918e+01
QF15_cmp_nature_P11,5.225278603125516952e+01
QF15_cpp_nature_P11,5.198343537660942815e+01
QF15_ERP_nature_P11,5.501629005031841757e+01
QF15_isp_nature_P11,5.146804318872965212e+01
QF15_ohp_nature_P11,5.167787428888122037e+01
QF35_ERP_nature_P11,3.687127122429822634e+01
QF60_ERP_nature_P11,3.262495287188855997e+01
nature_P12,0.000000000000000000e+00
QF5_ERP_nature_P12,6.426042465330689879e+01
QF15_cmp_nature_P12,3.759234933320317396e+01
QF15_cpp_nature_P12,3.820122831517716122e+01
QF15_ERP_nature_P12,3.887904926927419069e+01
QF15_isp_nature_P12,4.067882300959591646e+01
QF15_ohp_nature_P12,3.311976251887540457e+01
QF35_ERP_nature_P12,3.335220930574541853e+01
QF60_ERP_nature_P12,3.464035246660498046e+01
nature_P13,0.000000000000000000e+00
QF5_ERP_nature_P13,6.183746657114614464e+01
QF15_cmp_nature_P13,4.136356254680917033e+01
QF15_cpp_nature_P13,4.815445957917596331e+01
QF15_ERP_nature_P13,4.163336884213729405e+01
QF15_isp_nature_P13,3.977851888106696521e+01
QF15_ohp_nature_P13,4.674678628990093898e+01
QF35_ERP_nature_P13,3.694261646856520542e+01
QF60_ERP_nature_P13,3.340229358379915681e+01
human_P17,0.000000000000000000e+00
QF5_ERP_human_P17,7.827626457714170272e+01
QF15_cmp_human_P17,4.604076504940891823e+01
QF15_cpp_human_P17,5.869249568800137240e+01
QF15_ERP_human_P17,5.358212761763353171e+01
QF15_isp_human_P17,5.087443640573962966e+01
QF15_ohp_human_P17,4.780812210437598964e+01
QF35_ERP_human_P17,3.676553191235525730e+01
QF60_ERP_human_P17,3.418929725493197225e+01
human_P18,0.000000000000000000e+00
QF5_ERP_human_P18,8.109616008293765788e+01
QF15_cmp_human_P18,4.514662813076775194e+01
QF15_cpp_human_P18,5.498324519898821450e+01
QF15_ERP_human_P18,5.172320024325458121e+01
QF15_isp_human_P18,4.424144624616622679e+01
QF15_ohp_human_P18,4.624837426853808608e+01
QF35_ERP_human_P18,3.755610919946680326e+01
QF60_ERP_human_P18,3.545673875531871744e+01
human_P20,0.000000000000000000e+00
QF5_ERP_human_P20,7.273331683415618443e+01
QF15_cmp_human_P20,4.534774572129489201e+01
QF15_cpp_human_P20,4.714106303569406009e+01
QF15_ERP_human_P20,4.784637672621625626e+01
QF15_isp_human_P20,4.530757651773151906e+01
QF15_ohp_human_P20,4.636249947942556560e+01
QF35_ERP_human_P20,4.134624628665766721e+01
QF60_ERP_human_P20,3.744238446496294159e+01
indoor_P14,0.000000000000000000e+00
QF5_ERP_indoor_P14,8.130979730088810697e+01
QF15_cmp_indoor_P14,4.378694219272566102e+01
QF15_cpp_indoor_P14,4.564516204546130496e+01
QF15_ERP_indoor_P14,5.351791183233263638e+01
QF15_isp_indoor_P14,4.643592721051754779e+01
QF15_ohp_indoor_P14,4.233918778929617588e+01
QF35_ERP_indoor_P14,3.612751361160088948e+01
QF60_ERP_indoor_P14,3.503624071777269222e+01
indoor_P15,0.000000000000000000e+00
QF5_ERP_indoor_P15,7.935266515070800608e+01
QF15_cmp_indoor_P15,4.564566774126246429e+01
QF15_cpp_indoor_P15,5.320850482106177992e+01
QF15_ERP_indoor_P15,5.701519665464411446e+01
QF15_isp_indoor_P15,5.068968504022687682e+01
QF15_ohp_indoor_P15,5.341036481995831053e+01
QF35_ERP_indoor_P15,4.247294301832521057e+01
QF60_ERP_indoor_P15,3.918907434304681914e+01
indoor_P16,0.000000000000000000e+00
QF5_ERP_indoor_P16,8.049805367951154267e+01
QF15_cmp_indoor_P16,5.508901539399332847e+01
QF15_cpp_indoor_P16,5.580092228378947539e+01
QF15_ERP_indoor_P16,5.919769048998264793e+01
QF15_isp_indoor_P16,5.524711781309317615e+01
QF15_ohp_indoor_P16,5.401497798879574219e+01
QF35_ERP_indoor_P16,3.888073866853927996e+01
QF60_ERP_indoor_P16,3.267663719639165265e+01
landscapes_P15,0.000000000000000000e+00
QF5_ERP_landscapes_P15,7.861978316749237194e+01
QF15_cmp_landscapes_P15,4.803764618616600046e+01
QF15_cpp_landscapes_P15,5.205833390186604959e+01
QF15_ERP_landscapes_P15,5.471133063705439525e+01
QF15_isp_landscapes_P15,4.679768530644901858e+01
QF15_ohp_landscapes_P15,5.070067102607089993e+01
QF35_ERP_landscapes_P15,4.093171996775910770e+01
QF60_ERP_landscapes_P15,3.431721200069397781e+01
landscapes_P16,0.000000000000000000e+00
QF5_ERP_landscapes_P16,7.668971771928083569e+01
QF15_cmp_landscapes_P16,4.779718033419012357e+01
QF15_cpp_landscapes_P16,4.569594706188417632e+01
QF15_ERP_landscapes_P16,5.175539615910098945e+01
QF15_isp_landscapes_P16,4.958515581015216611e+01
QF15_ohp_landscapes_P16,4.819240871959326000e+01
QF35_ERP_landscapes_P16,3.728512747436514019e+01
QF60_ERP_landscapes_P16,2.950372952027073836e+01
landscapes_P17,0.000000000000000000e+00
QF5_ERP_landscapes_P17,7.945218366459533854e+01
QF15_cmp_landscapes_P17,4.926661429750560472e+01
QF15_cpp_landscapes_P17,5.037162777251629109e+01
QF15_ERP_landscapes_P17,4.686168640978738154e+01
QF15_isp_landscapes_P17,4.753228089580988325e+01
QF15_ohp_landscapes_P17,4.946187293454254075e+01
QF35_ERP_landscapes_P17,3.909248575634465084e+01
QF60_ERP_landscapes_P17,3.132947517287765749e+01
nature_P14,0.000000000000000000e+00
QF5_ERP_nature_P14,8.381369341605886802e+01
QF15_cmp_nature_P14,4.960589748449957881e+01
QF15_cpp_nature_P14,5.621743786519087394e+01
QF15_ERP_nature_P14,5.269075704382276371e+01
QF15_isp_nature_P14,4.720084378455980811e+01
QF15_ohp_nature_P14,5.069672026980865098e+01
QF35_ERP_nature_P14,3.721272875966923266e+01
QF60_ERP_nature_P14,3.475429635984122001e+01
nature_P16,0.000000000000000000e+00
QF5_ERP_nature_P16,7.602367131958114044e+01
QF15_cmp_nature_P16,4.426867148636605265e+01
QF15_cpp_nature_P16,4.567785162190309478e+01
QF15_ERP_nature_P16,4.894448738999586368e+01
QF15_isp_nature_P16,4.433000200466551632e+01
QF15_ohp_nature_P16,4.374103877761907455e+01
QF35_ERP_nature_P16,3.532064566915984472e+01
QF60_ERP_nature_P16,3.451488037966343114e+01
nature_P17,0.000000000000000000e+00
QF5_ERP_nature_P17,7.729969346781462036e+01
QF15_cmp_nature_P17,5.141667109118632339e+01
QF15_cpp_nature_P17,5.618184994298708546e+01
QF15_ERP_nature_P17,5.532304464753189421e+01
QF15_isp_nature_P17,5.197524182403285664e+01
QF15_ohp_nature_P17,4.907447599585246678e+01
QF35_ERP_nature_P17,3.609956532126180662e+01
QF60_ERP_nature_P17,2.877247257546852310e+01
human_P21,0.000000000000000000e+00
QF5_ERP_human_P21,7.666936168405533181e+01
QF15_cmp_human_P21,5.024459406822100505e+01
QF15_cpp_human_P21,5.205124278564193929e+01
QF15_ERP_human_P21,5.128831437090442336e+01
QF15_isp_human_P21,5.030703883852569902e+01
QF15_ohp_human_P21,5.039980908613412680e+01
QF35_ERP_human_P21,3.914795320783106547e+01
QF60_ERP_human_P21,3.320720546681504004e+01
human_P23,0.000000000000000000e+00
QF5_ERP_human_P23,7.715111416280851131e+01
QF15_cmp_human_P23,4.927349745509946644e+01
QF15_cpp_human_P23,4.729872375850977306e+01
QF15_ERP_human_P23,5.072258686161263341e+01
QF15_isp_human_P23,4.797244774499164777e+01
QF15_ohp_human_P23,4.823746838226384170e+01
QF35_ERP_human_P23,3.905636413387249206e+01
QF60_ERP_human_P23,3.419924789389067143e+01
human_P24,0.000000000000000000e+00
QF5_ERP_human_P24,7.370697895471022321e+01
QF15_cmp_human_P24,5.104017459670250645e+01
QF15_cpp_human_P24,5.771686935158511034e+01
QF15_ERP_human_P24,5.418974282456854041e+01
QF15_isp_human_P24,5.163175142901173587e+01
QF15_ohp_human_P24,5.556263809110751595e+01
QF35_ERP_human_P24,3.602009223513163505e+01
QF60_ERP_human_P24,3.314489539613504832e+01
indoor_P17,0.000000000000000000e+00
QF5_ERP_indoor_P17,7.025447117158940102e+01
QF15_cmp_indoor_P17,4.960999515943653648e+01
QF15_cpp_indoor_P17,5.163628848351232392e+01
QF15_ERP_indoor_P17,5.271881502727836022e+01
QF15_isp_indoor_P17,4.835389164111686000e+01
QF15_ohp_indoor_P17,5.233224321595516670e+01
QF35_ERP_indoor_P17,3.269118397441111767e+01
QF60_ERP_indoor_P17,2.941867546181945769e+01
indoor_P18,0.000000000000000000e+00
QF5_ERP_indoor_P18,7.882976793144899830e+01
QF15_cmp_indoor_P18,5.852353662486883934e+01
QF15_cpp_indoor_P18,5.669754649719083517e+01
QF15_ERP_indoor_P18,6.478621089904987684e+01
QF15_isp_indoor_P18,5.733743137703149273e+01
QF15_ohp_indoor_P18,5.648956126106381248e+01
QF35_ERP_indoor_P18,4.680970260406078864e+01
QF60_ERP_indoor_P18,3.948656164595891482e+01
indoor_P19,0.000000000000000000e+00
QF5_ERP_indoor_P19,7.921493614597508781e+01
QF15_cmp_indoor_P19,6.129707817396121783e+01
QF15_cpp_indoor_P19,6.141597581919110382e+01
QF15_ERP_indoor_P19,6.568299269200657875e+01
QF15_isp_indoor_P19,6.022517562125618440e+01
QF15_ohp_indoor_P19,6.361430124178941270e+01
QF35_ERP_indoor_P19,4.708731858197427300e+01
QF60_ERP_indoor_P19,3.548713037427430095e+01
landscapes_P18,0.000000000000000000e+00
QF5_ERP_landscapes_P18,7.392427278366275800e+01
QF15_cmp_landscapes_P18,5.095576267355109934e+01
QF15_cpp_landscapes_P18,5.147513252400898409e+01
QF15_ERP_landscapes_P18,5.210346834686171036e+01
QF15_isp_landscapes_P18,4.926920712785511114e+01
QF15_ohp_landscapes_P18,4.877327410119353601e+01
QF35_ERP_landscapes_P18,4.299920865154321348e+01
QF60_ERP_landscapes_P18,3.624280979123610535e+01
landscapes_P19,0.000000000000000000e+00
QF5_ERP_landscapes_P19,7.688477889615349170e+01
QF15_cmp_landscapes_P19,4.903211936428340323e+01
QF15_cpp_landscapes_P19,4.933455722923295639e+01
QF15_ERP_landscapes_P19,5.280835467763609614e+01
QF15_isp_landscapes_P19,4.837887602028038714e+01
QF15_ohp_landscapes_P19,4.758358302804580831e+01
QF35_ERP_landscapes_P19,3.484903617410149934e+01
QF60_ERP_landscapes_P19,3.095242360288005301e+01
landscapes_P2,0.000000000000000000e+00
QF5_ERP_landscapes_P2,7.824738676730389386e+01
QF15_cmp_landscapes_P2,5.005326486001211350e+01
QF15_cpp_landscapes_P2,5.125206117303891062e+01
QF15_ERP_landscapes_P2,5.292163261576688882e+01
QF15_isp_landscapes_P2,4.657759145245537979e+01
QF15_ohp_landscapes_P2,4.812095873850225303e+01
QF35_ERP_landscapes_P2,3.553242789305598848e+01
QF60_ERP_landscapes_P2,3.041299650874024607e+01
nature_P18,0.000000000000000000e+00
QF5_ERP_nature_P18,7.361201952005619376e+01
QF15_cmp_nature_P18,4.357823559498314836e+01
QF15_cpp_nature_P18,4.725432257897487887e+01
QF15_ERP_nature_P18,4.749197954810841082e+01
QF15_isp_nature_P18,4.602127671139225384e+01
QF15_ohp_nature_P18,4.513583089787471181e+01
QF35_ERP_nature_P18,3.205245322542847930e+01
QF60_ERP_nature_P18,2.968726998140106588e+01
nature_P19,0.000000000000000000e+00
QF5_ERP_nature_P19,7.446564815104451895e+01
QF15_cmp_nature_P19,4.366661592461341002e+01
QF15_cpp_nature_P19,4.296779056790310847e+01
QF15_ERP_nature_P19,4.454478696859281683e+01
QF15_isp_nature_P19,4.011053035480159679e+01
QF15_ohp_nature_P19,4.656847005082506996e+01
QF35_ERP_nature_P19,3.286744772207570975e+01
QF60_ERP_nature_P19,2.973180159497702846e+01
nature_P20,0.000000000000000000e+00
QF5_ERP_nature_P20,7.533606037215159290e+01
QF15_cmp_nature_P20,4.205595812365411490e+01
QF15_cpp_nature_P20,4.618656095020568841e+01
QF15_ERP_nature_P20,4.786217636761066530e+01
QF15_isp_nature_P20,4.523840704519972178e+01
QF15_ohp_nature_P20,4.409037150034581742e+01
QF35_ERP_nature_P20,3.134356584207237617e+01
QF60_ERP_nature_P20,2.920433099795488019e+01
human_P25,0.000000000000000000e+00
QF5_ERP_human_P25,7.509907874789735160e+01
QF15_cmp_human_P25,4.907454139748349320e+01
QF15_cpp_human_P25,5.027062239379031894e+01
QF15_ERP_human_P25,5.295486680459569584e+01
QF15_isp_human_P25,5.121918540320101698e+01
QF15_ohp_human_P25,5.247290893218048069e+01
QF35_ERP_human_P25,3.726998929351003653e+01
QF60_ERP_human_P25,3.217924192845877940e+01
human_P26,0.000000000000000000e+00
QF5_ERP_human_P26,7.578380835861958076e+01
QF15_cmp_human_P26,4.509376189044137107e+01
QF15_cpp_human_P26,5.134470257557826756e+01
QF15_ERP_human_P26,4.949456808905809169e+01
QF15_isp_human_P26,4.224073784313933544e+01
QF15_ohp_human_P26,4.325380167588138391e+01
QF35_ERP_human_P26,3.351646104227042144e+01
QF60_ERP_human_P26,3.182443952291115608e+01
human_P27,0.000000000000000000e+00
QF5_ERP_human_P27,8.061306467902147688e+01
QF15_cmp_human_P27,4.926084967787633673e+01
QF15_cpp_human_P27,5.396156195392805444e+01
QF15_ERP_human_P27,5.416245866499658490e+01
QF15_isp_human_P27,4.601771948617467700e+01
QF15_ohp_human_P27,5.360586021436449045e+01
QF35_ERP_human_P27,3.552231812107105213e+01
QF60_ERP_human_P27,2.986818737065233265e+01
indoor_P22,0.000000000000000000e+00
QF5_ERP_indoor_P22,7.862649393228582539e+01
QF15_cmp_indoor_P22,5.002343056284136225e+01
QF15_cpp_indoor_P22,5.311674539982561072e+01
QF15_ERP_indoor_P22,5.503166627851427961e+01
QF15_isp_indoor_P22,5.100669152926005268e+01
QF15_ohp_indoor_P22,5.445066960130667866e+01
QF35_ERP_indoor_P22,3.201634988951072813e+01
QF60_ERP_indoor_P22,3.195197681413333157e+01
indoor_P24,0.000000000000000000e+00
QF5_ERP_indoor_P24,8.290218949372763291e+01
QF15_cmp_indoor_P24,6.163703494095546631e+01
QF15_cpp_indoor_P24,6.258322068976845998e+01
QF15_ERP_indoor_P24,6.189751369610217324e+01
QF15_isp_indoor_P24,6.123240908418877382e+01
QF15_ohp_indoor_P24,5.938623635905561571e+01
QF35_ERP_indoor_P24,4.153066720915362708e+01
QF60_ERP_indoor_P24,3.163486518963764027e+01
indoor_P25,0.000000000000000000e+00
QF5_ERP_indoor_P25,8.344254372388539309e+01
QF15_cmp_indoor_P25,6.459676169921382893e+01
QF15_cpp_indoor_P25,6.543149145314760062e+01
QF15_ERP_indoor_P25,6.209221825000117434e+01
QF15_isp_indoor_P25,6.316232079549221368e+01
QF15_ohp_indoor_P25,6.245174660019205248e+01
QF35_ERP_indoor_P25,4.830969891802131855e+01
QF60_ERP_indoor_P25,3.055519002572054887e+01
landscapes_P21,0.000000000000000000e+00
QF5_ERP_landscapes_P21,7.435926980177588064e+01
QF15_cmp_landscapes_P21,5.055483703479143287e+01
QF15_cpp_landscapes_P21,5.060311197740333000e+01
QF15_ERP_landscapes_P21,5.360022158039052442e+01
QF15_isp_landscapes_P21,4.760259759135968238e+01
QF15_ohp_landscapes_P21,5.449243852903352803e+01
QF35_ERP_landscapes_P21,3.582727568080301950e+01
QF60_ERP_landscapes_P21,3.119724484723506563e+01
landscapes_P22,0.000000000000000000e+00
QF5_ERP_landscapes_P22,7.571681577571087018e+01
QF15_cmp_landscapes_P22,4.310954005805395184e+01
QF15_cpp_landscapes_P22,4.849494650309258503e+01
QF15_ERP_landscapes_P22,5.487459410206107435e+01
QF15_isp_landscapes_P22,4.311979666241327180e+01
QF15_ohp_landscapes_P22,4.343935425289948427e+01
QF35_ERP_landscapes_P22,3.159045574552185442e+01
QF60_ERP_landscapes_P22,2.874384136273650014e+01
landscapes_P23,0.000000000000000000e+00
QF5_ERP_landscapes_P23,7.742014435357660318e+01
QF15_cmp_landscapes_P23,3.736680370604355517e+01
QF15_cpp_landscapes_P23,4.630605697360815043e+01
QF15_ERP_landscapes_P23,4.645995700435688036e+01
QF15_isp_landscapes_P23,3.722969678576976804e+01
QF15_ohp_landscapes_P23,4.171890635360432498e+01
QF35_ERP_landscapes_P23,2.897159581416504182e+01
QF60_ERP_landscapes_P23,2.966152487525162584e+01
nature_P21,0.000000000000000000e+00
QF5_ERP_nature_P21,7.802126466117663028e+01
QF15_cmp_nature_P21,4.925274990233960182e+01
QF15_cpp_nature_P21,5.502536802544018002e+01
QF15_ERP_nature_P21,5.030171482664281513e+01
QF15_isp_nature_P21,4.976971681995232899e+01
QF15_ohp_nature_P21,4.966044407697880558e+01
QF35_ERP_nature_P21,3.821130910229278754e+01
QF60_ERP_nature_P21,3.246034011647099504e+01
nature_P22,0.000000000000000000e+00
QF5_ERP_nature_P22,7.060124492112132089e+01
QF15_cmp_nature_P22,4.381570007668595679e+01
QF15_cpp_nature_P22,4.589281072860867994e+01
QF15_ERP_nature_P22,4.740447812247659698e+01
QF15_isp_nature_P22,4.500432471378255883e+01
QF15_ohp_nature_P22,4.361056430084568092e+01
QF35_ERP_nature_P22,3.253754940888808278e+01
QF60_ERP_nature_P22,3.182897414069137909e+01
nature_P23,0.000000000000000000e+00
QF5_ERP_nature_P23,7.941582769971431333e+01
QF15_cmp_nature_P23,4.572515097046822774e+01
QF15_cpp_nature_P23,5.155817488384879965e+01
QF15_ERP_nature_P23,5.365611587591795484e+01
QF15_isp_nature_P23,5.047211399714162638e+01
QF15_ohp_nature_P23,5.494530036757799962e+01
QF35_ERP_nature_P23,3.404030070379319284e+01
QF60_ERP_nature_P23,2.915256598244219433e+01
human_P28,0.000000000000000000e+00
QF5_ERP_human_P28,7.950566048709988820e+01
QF15_cmp_human_P28,4.864016059926393609e+01
QF15_cpp_human_P28,5.349151137119029897e+01
QF15_ERP_human_P28,4.847555412981943590e+01
QF15_isp_human_P28,4.909669515308983989e+01
QF15_ohp_human_P28,4.910039543477441271e+01
QF35_ERP_human_P28,3.470652739239422857e+01
QF60_ERP_human_P28,3.500143294169110675e+01
human_P29,0.000000000000000000e+00
QF5_ERP_human_P29,7.809189363467346823e+01
QF15_cmp_human_P29,5.401770142703040278e+01
QF15_cpp_human_P29,5.425602890586069549e+01
QF15_ERP_human_P29,5.586665011048599183e+01
QF15_isp_human_P29,5.253495912885000507e+01
QF15_ohp_human_P29,5.694057066779724607e+01
QF35_ERP_human_P29,3.804790880266672559e+01
QF60_ERP_human_P29,3.307987391946986122e+01
human_P30,0.000000000000000000e+00
QF5_ERP_human_P30,7.348931236653803012e+01
QF15_cmp_human_P30,4.345878735860043207e+01
QF15_cpp_human_P30,4.998046264286823259e+01
QF15_ERP_human_P30,5.112772575379471363e+01
QF15_isp_human_P30,4.891170974292185747e+01
QF15_ohp_human_P30,4.737083229850711064e+01
QF35_ERP_human_P30,3.069272160701692442e+01
QF60_ERP_human_P30,2.851777064485731472e+01
indoor_P26,0.000000000000000000e+00
QF5_ERP_indoor_P26,7.990006482257801679e+01
QF15_cmp_indoor_P26,5.537251055279988776e+01
QF15_cpp_indoor_P26,5.621823582931990160e+01
QF15_ERP_indoor_P26,5.618421613548510862e+01
QF15_isp_indoor_P26,5.465700848718952898e+01
QF15_ohp_indoor_P26,5.650114169285929222e+01
QF35_ERP_indoor_P26,3.810411039716180426e+01
QF60_ERP_indoor_P26,2.924506703131425667e+01
indoor_P3,0.000000000000000000e+00
QF5_ERP_indoor_P3,7.668410222014087196e+01
QF15_cmp_indoor_P3,5.385167434636181838e+01
QF15_cpp_indoor_P3,5.931327222610615024e+01
QF15_ERP_indoor_P3,5.901225708734109077e+01
QF15_isp_indoor_P3,5.206187726956255091e+01
QF15_ohp_indoor_P3,5.580766897912772606e+01
QF35_ERP_indoor_P3,3.910604419537813925e+01
QF60_ERP_indoor_P3,3.102797116236558850e+01
indoor_P30,0.000000000000000000e+00
QF5_ERP_indoor_P30,7.736182156585140035e+01
QF15_cmp_indoor_P30,4.967331483280415938e+01
QF15_cpp_indoor_P30,5.124896463173479333e+01
QF15_ERP_indoor_P30,5.587711446082136035e+01
QF15_isp_indoor_P30,4.811489823870918769e+01
QF15_ohp_indoor_P30,5.241835226983641149e+01
QF35_ERP_indoor_P30,3.648468255623062362e+01
QF60_ERP_indoor_P30,3.414554291577876910e+01
landscapes_P24,0.000000000000000000e+00
QF5_ERP_landscapes_P24,7.489492925280305258e+01
QF15_cmp_landscapes_P24,4.484232586096505457e+01
QF15_cpp_landscapes_P24,4.758277714046320739e+01
QF15_ERP_landscapes_P24,4.640481422150278235e+01
QF15_isp_landscapes_P24,4.371728011971319461e+01
QF15_ohp_landscapes_P24,4.602622622988754841e+01
QF35_ERP_landscapes_P24,3.340537727794344391e+01
QF60_ERP_landscapes_P24,3.207523112235469398e+01
landscapes_P25,0.000000000000000000e+00
QF5_ERP_landscapes_P25,8.134108665694489559e+01
QF15_cmp_landscapes_P25,4.772380493307345262e+01
QF15_cpp_landscapes_P25,5.547711495748635002e+01
QF15_ERP_landscapes_P25,4.947480089492149347e+01
QF15_isp_landscapes_P25,5.150925956246184967e+01
QF15_ohp_landscapes_P25,5.150488253092132851e+01
QF35_ERP_landscapes_P25,3.511948852703586965e+01
QF60_ERP_landscapes_P25,3.314357098526213008e+01
landscapes_P26,0.000000000000000000e+00
QF5_ERP_landscapes_P26,7.477278391038879590e+01
QF15_cmp_landscapes_P26,4.909317678654923611e+01
QF15_cpp_landscapes_P26,5.153965701741662286e+01
QF15_ERP_landscapes_P26,5.632659084625384338e+01
QF15_isp_landscapes_P26,4.755484229361661619e+01
QF15_ohp_landscapes_P26,4.947383152084255897e+01
QF35_ERP_landscapes_P26,3.410254059432687512e+01
QF60_ERP_landscapes_P26,2.943550970143078516e+01
nature_P24,0.000000000000000000e+00
QF5_ERP_nature_P24,7.593008003784419202e+01
QF15_cmp_nature_P24,4.005819658762140278e+01
QF15_cpp_nature_P24,4.513673751096008857e+01
QF15_ERP_nature_P24,4.527427102204229215e+01
QF15_isp_nature_P24,4.141824579228286751e+01
QF15_ohp_nature_P24,4.287203311301414033e+01
QF35_ERP_nature_P24,3.100184721631440610e+01
QF60_ERP_nature_P24,3.048937590741736869e+01
nature_P26,0.000000000000000000e+00
QF5_ERP_nature_P26,7.929544669695947334e+01
QF15_cmp_nature_P26,5.260833366611315398e+01
QF15_cpp_nature_P26,5.763572010647621369e+01
QF15_ERP_nature_P26,6.061137073594514391e+01
QF15_isp_nature_P26,5.607003324343182982e+01
QF15_ohp_nature_P26,5.444714438235664034e+01
QF35_ERP_nature_P26,4.083988981784153793e+01
QF60_ERP_nature_P26,3.254555620300959617e+01
nature_P27,0.000000000000000000e+00
QF5_ERP_nature_P27,7.834765235155163055e+01
QF15_cmp_nature_P27,5.076796132090848346e+01
QF15_cpp_nature_P27,5.386660739704586121e+01
QF15_ERP_nature_P27,4.950209092273055234e+01
QF15_isp_nature_P27,4.518820615154654519e+01
QF15_ohp_nature_P27,5.163023429374128881e+01
QF35_ERP_nature_P27,3.431974782701060889e+01
QF60_ERP_nature_P27,3.082655432314848909e+01
human_P31,0.000000000000000000e+00
QF5_ERP_human_P31,8.259267600671266507e+01
QF15_cmp_human_P31,5.256032369678131744e+01
QF15_cpp_human_P31,5.733621788708069289e+01
QF15_ERP_human_P31,5.649401757458965534e+01
QF15_isp_human_P31,5.019202421460786923e+01
QF15_ohp_human_P31,5.609997640932026286e+01
QF35_ERP_human_P31,4.122765703392782655e+01
QF60_ERP_human_P31,3.359690205118289441e+01
human_P32,0.000000000000000000e+00
QF5_ERP_human_P32,7.352129750376485617e+01
QF15_cmp_human_P32,4.017823023150295825e+01
QF15_cpp_human_P32,4.759183835462743417e+01
QF15_ERP_human_P32,4.251761315347921766e+01
QF15_isp_human_P32,3.819825022691958338e+01
QF15_ohp_human_P32,3.922455852209995442e+01
QF35_ERP_human_P32,3.851999685526394757e+01
QF60_ERP_human_P32,3.290485219619925772e+01
human_P33,0.000000000000000000e+00
QF5_ERP_human_P33,7.124250360469102361e+01
QF15_cmp_human_P33,5.069452352011371232e+01
QF15_cpp_human_P33,5.214198570519356224e+01
QF15_ERP_human_P33,5.157268161417951546e+01
QF15_isp_human_P33,4.846018000880352616e+01
QF15_ohp_human_P33,4.927972263714047330e+01
QF35_ERP_human_P33,3.566549825683531338e+01
QF60_ERP_human_P33,3.367143376726014026e+01
indoor_P31,0.000000000000000000e+00
QF5_ERP_indoor_P31,8.300411267892486933e+01
QF15_cmp_indoor_P31,5.596329881620989255e+01
QF15_cpp_indoor_P31,6.169746629983742991e+01
QF15_ERP_indoor_P31,6.176043379478473838e+01
QF15_isp_indoor_P31,5.835535871188817936e+01
QF15_ohp_indoor_P31,5.931815669922436740e+01
QF35_ERP_indoor_P31,4.094752427142008600e+01
QF60_ERP_indoor_P31,3.464272561224605340e+01
indoor_P32,0.000000000000000000e+00
QF5_ERP_indoor_P32,8.049305994429141720e+01
QF15_cmp_indoor_P32,5.515482220903760435e+01
QF15_cpp_indoor_P32,5.349003208198222126e+01
QF15_ERP_indoor_P32,5.650536229543936884e+01
QF15_isp_indoor_P32,5.567913706494087478e+01
QF15_ohp_indoor_P32,5.569601665048651995e+01
QF35_ERP_indoor_P32,3.784359957030025612e+01
QF60_ERP_indoor_P32,3.295536779332442023e+01
indoor_P33,0.000000000000000000e+00
QF5_ERP_indoor_P33,7.470202757059783494e+01
QF15_cmp_indoor_P33,4.836420810723974029e+01
QF15_cpp_indoor_P33,5.400548231696254931e+01
QF15_ERP_indoor_P33,5.514855413569475218e+01
QF15_isp_indoor_P33,5.372940957091507386e+01
QF15_ohp_indoor_P33,5.250099456988632340e+01
QF35_ERP_indoor_P33,3.674054828594147182e+01
QF60_ERP_indoor_P33,3.033216871855299246e+01
landscapes_P27,0.000000000000000000e+00
QF5_ERP_landscapes_P27,7.322533031706198869e+01
QF15_cmp_landscapes_P27,4.828766592204132735e+01
QF15_cpp_landscapes_P27,5.360983898987249319e+01
QF15_ERP_landscapes_P27,5.515208051081405927e+01
QF15_isp_landscapes_P27,4.808109487007703819e+01
QF15_ohp_landscapes_P27,4.846092127878547728e+01
QF35_ERP_landscapes_P27,3.462818131907088315e+01
QF60_ERP_landscapes_P27,3.005137069425957108e+01
landscapes_P28,0.000000000000000000e+00
QF5_ERP_landscapes_P28,7.631279423404966167e+01
QF15_cmp_landscapes_P28,4.254668500519533580e+01
QF15_cpp_landscapes_P28,4.567731649302147190e+01
QF15_ERP_landscapes_P28,4.770264482053162425e+01
QF15_isp_landscapes_P28,4.131468756845924872e+01
QF15_ohp_landscapes_P28,4.476196297229014220e+01
QF35_ERP_landscapes_P28,3.209751415187287193e+01
QF60_ERP_landscapes_P28,2.794487412865842302e+01
landscapes_P29,0.000000000000000000e+00
QF5_ERP_landscapes_P29,7.724825530100167725e+01
QF15_cmp_landscapes_P29,4.647566208264846921e+01
QF15_cpp_landscapes_P29,5.271526054151806306e+01
QF15_ERP_landscapes_P29,5.169895606418058520e+01
QF15_isp_landscapes_P29,4.775025257760781727e+01
QF15_ohp_landscapes_P29,5.000957942814125090e+01
QF35_ERP_landscapes_P29,3.729280976718312246e+01
QF60_ERP_landscapes_P29,3.179641235538135291e+01
nature_P28,0.000000000000000000e+00
QF5_ERP_nature_P28,7.942477528019568922e+01
QF15_cmp_nature_P28,4.899092944615176037e+01
QF15_cpp_nature_P28,5.348967834410063915e+01
QF15_ERP_nature_P28,5.264913809481740259e+01
QF15_isp_nature_P28,5.182505374585637981e+01
QF15_ohp_nature_P28,5.067066261920064107e+01
QF35_ERP_nature_P28,3.991496250524660638e+01
QF60_ERP_nature_P28,3.345262989928679076e+01
nature_P29,0.000000000000000000e+00
QF5_ERP_nature_P29,7.489878809543978377e+01
QF15_cmp_nature_P29,4.696340029236813507e+01
QF15_cpp_nature_P29,4.721818025344187930e+01
QF15_ERP_nature_P29,4.889269369714044444e+01
QF15_isp_nature_P29,4.862621315836288005e+01
QF15_ohp_nature_P29,4.531779514550696319e+01
QF35_ERP_nature_P29,3.473833276878822574e+01
QF60_ERP_nature_P29,3.062474968703558886e+01
nature_P3,0.000000000000000000e+00
QF5_ERP_nature_P3,8.114711503747525967e+01
QF15_cmp_nature_P3,4.989540720702208176e+01
QF15_cpp_nature_P3,5.123728036972194388e+01
QF15_ERP_nature_P3,5.451842859256444740e+01
QF15_isp_nature_P3,5.005439952667018844e+01
QF15_ohp_nature_P3,4.994480796377211362e+01
QF35_ERP_nature_P3,3.680765192398911267e+01
QF60_ERP_nature_P3,2.933994614971452464e+01
human_P34,0.000000000000000000e+00
QF5_ERP_human_P34,7.555168027665133934e+01
QF15_cmp_human_P34,4.259710036041613535e+01
QF15_cpp_human_P34,4.934385012920809999e+01
QF15_ERP_human_P34,4.969311415497439555e+01
QF15_isp_human_P34,4.434730622283517221e+01
QF15_ohp_human_P34,4.741513985151620147e+01
QF35_ERP_human_P34,3.211173456246191193e+01
QF60_ERP_human_P34,2.927786352630372235e+01
human_P35,0.000000000000000000e+00
QF5_ERP_human_P35,7.525501049482195981e+01
QF15_cmp_human_P35,4.028510467357211411e+01
QF15_cpp_human_P35,4.947839437679066776e+01
QF15_ERP_human_P35,4.616658361609020744e+01
QF15_isp_human_P35,3.820366812986125638e+01
QF15_ohp_human_P35,4.103501267718804968e+01
QF35_ERP_human_P35,3.943926230775367259e+01
QF60_ERP_human_P35,3.486475079347781758e+01
human_P37,0.000000000000000000e+00
QF5_ERP_human_P37,7.581068708223875774e+01
QF15_cmp_human_P37,4.935024443295784380e+01
QF15_cpp_human_P37,4.908481078229359440e+01
QF15_ERP_human_P37,5.165342509561332918e+01
QF15_isp_human_P37,4.932127628801222841e+01
QF15_ohp_human_P37,5.022746818264219115e+01
QF35_ERP_human_P37,4.081335867811621654e+01
QF60_ERP_human_P37,3.454688267356791442e+01
indoor_P34,0.000000000000000000e+00
QF5_ERP_indoor_P34,7.571378629498272517e+01
QF15_cmp_indoor_P34,5.320290160631178367e+01
QF15_cpp_indoor_P34,5.407881481700775339e+01
QF15_ERP_indoor_P34,5.811854311382526816e+01
QF15_isp_indoor_P34,5.552129163124092059e+01
QF15_ohp_indoor_P34,5.795847747271255201e+01
QF35_ERP_indoor_P34,4.410304441394125519e+01
QF60_ERP_indoor_P34,3.466357549135665295e+01
indoor_P35,0.000000000000000000e+00
QF5_ERP_indoor_P35,7.668087416791480848e+01
QF15_cmp_indoor_P35,3.986236901460426907e+01
QF15_cpp_indoor_P35,4.497600307601170755e+01
QF15_ERP_indoor_P35,4.357725088377171119e+01
QF15_isp_indoor_P35,3.891741859584517016e+01
QF15_ohp_indoor_P35,4.435066752107034915e+01
QF35_ERP_indoor_P35,3.418188851355713354e+01
QF60_ERP_indoor_P35,3.130412521149090210e+01
indoor_P36,0.000000000000000000e+00
QF5_ERP_indoor_P36,8.126474272310514380e+01
QF15_cmp_indoor_P36,4.384176192890934232e+01
QF15_cpp_indoor_P36,4.962493808453677957e+01
QF15_ERP_indoor_P36,5.203766099934503586e+01
QF15_isp_indoor_P36,4.598111031068139454e+01
QF15_ohp_indoor_P36,4.608298769607857537e+01
QF35_ERP_indoor_P36,3.473068035532767794e+01
QF60_ERP_indoor_P36,3.288049811814693157e+01
landscapes_P3,0.000000000000000000e+00
QF5_ERP_landscapes_P3,7.326527043198096578e+01
QF15_cmp_landscapes_P3,5.170321916963838049e+01
QF15_cpp_landscapes_P3,5.311492880640973624e+01
QF15_ERP_landscapes_P3,5.369381411726428865e+01
QF15_isp_landscapes_P3,5.046432042401027473e+01
QF15_ohp_landscapes_P3,5.333743025530269932e+01
QF35_ERP_landscapes_P3,3.488836350185217583e+01
QF60_ERP_landscapes_P3,3.352120292709244609e+01
landscapes_P30,0.000000000000000000e+00
QF5_ERP_landscapes_P30,8.052413679578791061e+01
QF15_cmp_landscapes_P30,5.651467925328554287e+01
QF15_cpp_landscapes_P30,5.600800145776604921e+01
QF15_ERP_landscapes_P30,5.815547318356910722e+01
QF15_isp_landscapes_P30,5.605618183380509123e+01
QF15_ohp_landscapes_P30,5.567049518340755299e+01
QF35_ERP_landscapes_P30,4.260726515100702017e+01
QF60_ERP_landscapes_P30,3.660330597371275729e+01
landscapes_P31,0.000000000000000000e+00
QF5_ERP_landscapes_P31,7.551307256957585423e+01
QF15_cmp_landscapes_P31,5.765869768154462349e+01
QF15_cpp_landscapes_P31,5.948121534532086230e+01
QF15_ERP_landscapes_P31,5.947543232790625467e+01
QF15_isp_landscapes_P31,5.806615954356405496e+01
QF15_ohp_landscapes_P31,5.684025460355643133e+01
QF35_ERP_landscapes_P31,4.583764605467700193e+01
QF60_ERP_landscapes_P31,3.766468764238042155e+01
nature_P30,0.000000000000000000e+00
QF5_ERP_nature_P30,8.005870327640542428e+01
QF15_cmp_nature_P30,5.584883247540108187e+01
QF15_cpp_nature_P30,5.296673246786056666e+01
QF15_ERP_nature_P30,5.593251146954688835e+01
QF15_isp_nature_P30,5.545973649238607095e+01
QF15_ohp_nature_P30,5.456680860215155349e+01
QF35_ERP_nature_P30,3.821861963262178818e+01
QF60_ERP_nature_P30,3.489188033325676486e+01
nature_P32,0.000000000000000000e+00
QF5_ERP_nature_P32,7.741306460017979418e+01
QF15_cmp_nature_P32,5.028029571629431160e+01
QF15_cpp_nature_P32,5.321292707651675613e+01
QF15_ERP_nature_P32,5.491919114122023871e+01
QF15_isp_nature_P32,4.942626986011654111e+01
QF15_ohp_nature_P32,4.890095961696865601e+01
QF35_ERP_nature_P32,3.840777263983837742e+01
QF60_ERP_nature_P32,3.320402957667339905e+01
nature_P33,0.000000000000000000e+00
QF5_ERP_nature_P33,7.580870429437696600e+01
QF15_cmp_nature_P33,4.342204177702175372e+01
QF15_cpp_nature_P33,4.245730555064361056e+01
QF15_ERP_nature_P33,4.488883171769158054e+01
QF15_isp_nature_P33,4.287627140575441587e+01
QF15_ohp_nature_P33,4.215245905605426913e+01
QF35_ERP_nature_P33,3.542785570099890435e+01
QF60_ERP_nature_P33,3.306379987446215551e+01
human_P38,0.000000000000000000e+00
QF5_ERP_human_P38,7.648560547862906844e+01
QF15_cmp_human_P38,4.675162736013824372e+01
QF15_cpp_human_P38,5.099045684190986805e+01
QF15_ERP_human_P38,5.451298368661222327e+01
QF15_isp_human_P38,4.903678362422573400e+01
QF15_ohp_human_P38,5.156547092311800640e+01
QF35_ERP_human_P38,3.486773258745667903e+01
QF60_ERP_human_P38,3.085589650582959820e+01
human_P4,0.000000000000000000e+00
QF5_ERP_human_P4,8.027019705101312752e+01
QF15_cmp_human_P4,5.441526622282367498e+01
QF15_cpp_human_P4,6.380017717971535518e+01
QF15_ERP_human_P4,5.844111081442601119e+01
QF15_isp_human_P4,5.574428752739071058e+01
QF15_ohp_human_P4,5.605199194810943197e+01
QF35_ERP_human_P4,4.280989881671784758e+01
QF60_ERP_human_P4,3.382625148858168274e+01
human_P6,0.000000000000000000e+00
QF5_ERP_human_P6,7.865242131559593020e+01
QF15_cmp_human_P6,4.803571735950566790e+01
QF15_cpp_human_P6,4.864667706331090358e+01
QF15_ERP_human_P6,4.962231942978958443e+01
QF15_isp_human_P6,4.532208554729795935e+01
QF15_ohp_human_P6,4.908023457510252285e+01
QF35_ERP_human_P6,3.619146520635333530e+01
QF60_ERP_human_P6,3.161989906774115155e+01
indoor_P38,0.000000000000000000e+00
QF5_ERP_indoor_P38,8.193662168299400150e+01
QF15_cmp_indoor_P38,4.644688470394056878e+01
QF15_cpp_indoor_P38,5.050381056488915021e+01
QF15_ERP_indoor_P38,4.912527829590442963e+01
QF15_isp_indoor_P38,4.474927108206443904e+01
QF15_ohp_indoor_P38,4.817828999867803219e+01
QF35_ERP_indoor_P38,3.419254611313446901e+01
QF60_ERP_indoor_P38,3.603596575472772656e+01
indoor_P39,0.000000000000000000e+00
QF5_ERP_indoor_P39,7.622855078470101375e+01
QF15_cmp_indoor_P39,5.329891002589188531e+01
QF15_cpp_indoor_P39,5.727927220596863123e+01
QF15_ERP_indoor_P39,5.932846750041001371e+01
QF15_isp_indoor_P39,5.481620554463364670e+01
QF15_ohp_indoor_P39,5.312837862545440970e+01
QF35_ERP_indoor_P39,3.968887205358004167e+01
QF60_ERP_indoor_P39,3.171221923417709831e+01
indoor_P4,0.000000000000000000e+00
QF5_ERP_indoor_P4,8.082262145423086963e+01
QF15_cmp_indoor_P4,5.506962057432447466e+01
QF15_cpp_indoor_P4,5.473048007096700474e+01
QF15_ERP_indoor_P4,5.979522864557650053e+01
QF15_isp_indoor_P4,5.576346482620594003e+01
QF15_ohp_indoor_P4,5.659443671644746843e+01
QF35_ERP_indoor_P4,3.682874685708691942e+01
QF60_ERP_indoor_P4,3.320810666120517851e+01
landscapes_P32,0.000000000000000000e+00
QF5_ERP_landscapes_P32,8.050722370272896455e+01
QF15_cmp_landscapes_P32,4.628872998531623750e+01
QF15_cpp_landscapes_P32,5.172848220118299878e+01
QF15_ERP_landscapes_P32,5.237055825730445946e+01
QF15_isp_landscapes_P32,4.404475971306748505e+01
QF15_ohp_landscapes_P32,4.641355933976536363e+01
QF35_ERP_landscapes_P32,4.177428285482305625e+01
QF60_ERP_landscapes_P32,3.304914813362426429e+01
landscapes_P33,0.000000000000000000e+00
QF5_ERP_landscapes_P33,7.835141209215031211e+01
QF15_cmp_landscapes_P33,4.896360539217860719e+01
QF15_cpp_landscapes_P33,5.364099475578221643e+01
QF15_ERP_landscapes_P33,5.410440941261609993e+01
QF15_isp_landscapes_P33,5.112363870139121502e+01
QF15_ohp_landscapes_P33,5.338005560559761165e+01
QF35_ERP_landscapes_P33,4.200820805264072533e+01
QF60_ERP_landscapes_P33,3.455738506774486751e+01
landscapes_P34,0.000000000000000000e+00
QF5_ERP_landscapes_P34,7.436656231897629254e+01
QF15_cmp_landscapes_P34,4.188256348758508807e+01
QF15_cpp_landscapes_P34,4.908324551518457213e+01
QF15_ERP_landscapes_P34,4.842095220847549797e+01
QF15_isp_landscapes_P34,4.363067004765635915e+01
QF15_ohp_landscapes_P34,4.585389957669668348e+01
QF35_ERP_landscapes_P34,3.566016599016151645e+01
QF60_ERP_landscapes_P34,3.131817839781604818e+01
nature_P34,0.000000000000000000e+00
QF5_ERP_nature_P34,6.795498099318247398e+01
QF15_cmp_nature_P34,3.429710170310687545e+01
QF15_cpp_nature_P34,3.557452750826139010e+01
QF15_ERP_nature_P34,3.549165361591888512e+01
QF15_isp_nature_P34,3.505669991335241775e+01
QF15_ohp_nature_P34,3.475410361051865493e+01
QF35_ERP_nature_P34,3.190873923192614825e+01
QF60_ERP_nature_P34,2.868286665967609750e+01
nature_P35,0.000000000000000000e+00
QF5_ERP_nature_P35,8.454889797380927519e+01
QF15_cmp_nature_P35,5.592207192352510958e+01
QF15_cpp_nature_P35,6.316817790366032881e+01
QF15_ERP_nature_P35,6.585294435152283654e+01
QF15_isp_nature_P35,6.054743337343758469e+01
QF15_ohp_nature_P35,5.929569783346742895e+01
QF35_ERP_nature_P35,3.977785120925323525e+01
QF60_ERP_nature_P35,3.295085221022253563e+01
nature_P5,0.000000000000000000e+00
QF5_ERP_nature_P5,7.490131744167435102e+01
QF15_cmp_nature_P5,4.656130100666081972e+01
QF15_cpp_nature_P5,4.763277867595135007e+01
QF15_ERP_nature_P5,4.816321089034049407e+01
QF15_isp_nature_P5,4.366451109335751113e+01
QF15_ohp_nature_P5,4.435043195379509484e+01
QF35_ERP_nature_P5,3.616591931950746641e+01
QF60_ERP_nature_P5,3.319443119481685756e+01
human_P7,0.000000000000000000e+00
QF5_ERP_human_P7,6.962309103588005144e+01
QF15_cmp_human_P7,3.601938357038321215e+01
QF15_cpp_human_P7,3.986771305124850784e+01
QF15_ERP_human_P7,3.728013547386290583e+01
QF15_isp_human_P7,3.529466215930730044e+01
QF15_ohp_human_P7,3.627884462009237865e+01
QF35_ERP_human_P7,2.766870078630581986e+01
QF60_ERP_human_P7,2.905625452327344860e+01
human_P8,0.000000000000000000e+00
QF5_ERP_human_P8,7.185010509680677160e+01
QF15_cmp_human_P8,4.178833416184262717e+01
QF15_cpp_human_P8,4.663002986067671429e+01
QF15_ERP_human_P8,4.524506468724167974e+01
QF15_isp_human_P8,4.375148306417233357e+01
QF15_ohp_human_P8,4.695583105945308944e+01
QF35_ERP_human_P8,3.565894349484841541e+01
QF60_ERP_human_P8,2.922001219811319928e+01
human_P9,0.000000000000000000e+00
QF5_ERP_human_P9,7.598923615749247062e+01
QF15_cmp_human_P9,4.572378135331004501e+01
QF15_cpp_human_P9,5.190991987909153238e+01
QF15_ERP_human_P9,5.110853925521994512e+01
QF15_isp_human_P9,4.912232924472046847e+01
QF15_ohp_human_P9,5.174199581590215757e+01
QF35_ERP_human_P9,3.719607332752436690e+01
QF60_ERP_human_P9,3.130386266391379380e+01
indoor_P5,0.000000000000000000e+00
QF5_ERP_indoor_P5,8.266913389667315926e+01
QF15_cmp_indoor_P5,6.344949680495508915e+01
QF15_cpp_indoor_P5,6.538511468146862171e+01
QF15_ERP_indoor_P5,6.364503958316355181e+01
QF15_isp_indoor_P5,6.041526924799180875e+01
QF15_ohp_indoor_P5,6.164025330754272147e+01
QF35_ERP_indoor_P5,4.753897749630876746e+01
QF60_ERP_indoor_P5,3.775573643161464332e+01
indoor_P6,0.000000000000000000e+00
QF5_ERP_indoor_P6,6.956229465203226425e+01
QF15_cmp_indoor_P6,5.692521459058475131e+01
QF15_cpp_indoor_P6,6.009339174224581370e+01
QF15_ERP_indoor_P6,6.310246355672336449e+01
QF15_isp_indoor_P6,5.753958755014062376e+01
QF15_ohp_indoor_P6,5.756333732187722063e+01
QF35_ERP_indoor_P6,4.934621256770495279e+01
QF60_ERP_indoor_P6,3.884161826640964676e+01
indoor_P8,0.000000000000000000e+00
QF5_ERP_indoor_P8,7.298061704796113247e+01
QF15_cmp_indoor_P8,4.554394740255161622e+01
QF15_cpp_indoor_P8,4.947858870816695287e+01
QF15_ERP_indoor_P8,4.901702962828709076e+01
QF15_isp_indoor_P8,4.417912131133253695e+01
QF15_ohp_indoor_P8,4.717415036957271468e+01
QF35_ERP_indoor_P8,2.969180665753378179e+01
QF60_ERP_indoor_P8,2.999975759176063761e+01
landscapes_P36,0.000000000000000000e+00
QF5_ERP_landscapes_P36,7.874174724159450989e+01
QF15_cmp_landscapes_P36,5.094826241082247975e+01
QF15_cpp_landscapes_P36,5.171608628952483144e+01
QF15_ERP_landscapes_P36,5.041710495544788984e+01
QF15_isp_landscapes_P36,5.444116624583207908e+01
QF15_ohp_landscapes_P36,5.223078023025864525e+01
QF35_ERP_landscapes_P36,3.832082175091529308e+01
QF60_ERP_landscapes_P36,2.941020908591498539e+01
landscapes_P4,0.000000000000000000e+00
QF5_ERP_landscapes_P4,7.559398273197675167e+01
QF15_cmp_landscapes_P4,6.152268027265122896e+01
QF15_cpp_landscapes_P4,6.107156745169429968e+01
QF15_ERP_landscapes_P4,6.093193257465279089e+01
QF15_isp_landscapes_P4,6.161808521596373822e+01
QF15_ohp_landscapes_P4,6.023562829126446161e+01
QF35_ERP_landscapes_P4,4.650259354926568278e+01
QF60_ERP_landscapes_P4,2.855259948724645724e+01
landscapes_P5,0.000000000000000000e+00
QF5_ERP_landscapes_P5,7.814319380766109191e+01
QF15_cmp_landscapes_P5,5.503370754096342665e+01
QF15_cpp_landscapes_P5,5.454089099581435107e+01
QF15_ERP_landscapes_P5,5.474989546161484100e+01
QF15_isp_landscapes_P5,5.235455771937996872e+01
QF15_ohp_landscapes_P5,4.834715672682369814e+01
QF35_ERP_landscapes_P5,3.789730128724972502e+01
QF60_ERP_landscapes_P5,3.417789144993589190e+01
nature_P7,0.000000000000000000e+00
QF5_ERP_nature_P7,7.107836413112508467e+01
QF15_cmp_nature_P7,4.533415118187664206e+01
QF15_cpp_nature_P7,4.764765657910671592e+01
QF15_ERP_nature_P7,4.993910066320720631e+01
QF15_isp_nature_P7,4.580506689584111513e+01
QF15_ohp_nature_P7,4.634075850760640236e+01
QF35_ERP_nature_P7,3.385011724508817110e+01
QF60_ERP_nature_P7,2.966913863494492531e+01
nature_P8,0.000000000000000000e+00
QF5_ERP_nature_P8,8.161149128179391710e+01
QF15_cmp_nature_P8,4.979030576554198007e+01
QF15_cpp_nature_P8,5.215273840447237319e+01
QF15_ERP_nature_P8,5.343682547164553398e+01
QF15_isp_nature_P8,4.851355682474988384e+01
QF15_ohp_nature_P8,5.177939171258037021e+01
QF35_ERP_nature_P8,3.458749501549604588e+01
QF60_ERP_nature_P8,3.543867670008928883e+01
nature_P9,0.000000000000000000e+00
QF5_ERP_nature_P9,7.495442311484251263e+01
QF15_cmp_nature_P9,4.607798994297677808e+01
QF15_cpp_nature_P9,4.787687508516278712e+01
QF15_ERP_nature_P9,4.874836013505527177e+01
QF15_isp_nature_P9,4.586907735958097732e+01
QF15_ohp_nature_P9,4.625685938482241255e+01
QF35_ERP_nature_P9,3.600180672396228942e+01
QF60_ERP_nature_P9,2.991744350867566737e+01
